模型名称,训练集MSE,测试集MSE,训练集MAE,测试集MAE,训练集R²,测试集R²,交叉验证R²均值,交叉验证R²标准差
线性回归,0.0001420339143156038,0.0003472539860602028,0.009577830487865605,0.01471087503759872,0.999865890322487,0.9995501043217782,0.9997794629933872,9.21035822114423e-05
岭回归,0.003280076568420721,0.0025124792954549463,0.04411042290870477,0.03596776967219654,0.9969029227073785,0.9967448794772045,0.9926286956895785,0.006440290701663506
梯度提升树,3.824172336161362e-07,0.011215580818365043,0.0004317934235058601,0.07034997284607908,0.9999996389182674,0.9854693062096173,0.9927439516782799,0.0029478117778736945
随机森林,0.0008435922650627268,0.01218110338989705,0.019593251558808072,0.06809681030622378,0.9992034727257556,0.9842183934783157,0.9906515411967127,0.005109219095634818
Lasso回归,0.9698235468646166,0.7062956010070253,0.8511603122727316,0.6979456756340692,0.08428403356138325,0.08493681513825524,-0.022427609036739883,0.1453503208552703
